{
  "schema_version": "1.3.0",
  "dataset": "breast_cancer",
  "target_col": "target",
  "label_domain": [
    "0",
    "1"
  ],
  "public_bounds": {
    "mean radius": [
      5.92455,
      29.166449999999998
    ],
    "mean texture": [
      8.2315,
      40.7585
    ],
    "mean perimeter": [
      36.5545,
      195.7355
    ],
    "mean area": [
      25.625,
      2618.875
    ],
    "mean smoothness": [
      0.0470915,
      0.1689385
    ],
    "mean compactness": [
      0.003079000000000002,
      0.361701
    ],
    "mean concavity": [
      -0.02134,
      0.44814000000000004
    ],
    "mean concave points": [
      -0.01006,
      0.21126
    ],
    "mean symmetry": [
      0.09609999999999999,
      0.3139
    ],
    "mean fractal dimension": [
      0.047585999999999996,
      0.099814
    ],
    "radius error": [
      -0.02657500000000003,
      3.0110750000000004
    ],
    "texture error": [
      0.13396000000000002,
      5.11124
    ],
    "perimeter error": [
      -0.30415000000000003,
      23.041150000000002
    ],
    "area error": [
      -19.967900000000004,
      568.9699
    ],
    "smoothness error": [
      0.0002421499999999998,
      0.03260085
    ],
    "compactness error": [
      -0.0044054,
      0.1420574
    ],
    "concavity error": [
      -0.0198,
      0.4158
    ],
    "concave points error": [
      -0.0026395,
      0.0554295
    ],
    "symmetry error": [
      0.0043286,
      0.0825034
    ],
    "fractal dimension error": [
      -0.00055246,
      0.03128726
    ],
    "worst radius": [
      6.5245,
      37.445499999999996
    ],
    "worst texture": [
      10.144,
      51.416
    ],
    "worst perimeter": [
      40.37049999999999,
      261.23949999999996
    ],
    "worst area": [
      -18.240000000000038,
      4457.44
    ],
    "worst smoothness": [
      0.0635985,
      0.2301715
    ],
    "worst compactness": [
      -0.024245500000000007,
      1.1095355
    ],
    "worst concavity": [
      -0.0626,
      1.3146
    ],
    "worst concave points": [
      -0.01455,
      0.30555
    ],
    "worst symmetry": [
      0.131135,
      0.6891649999999999
    ],
    "worst fractal dimension": [
      0.047417,
      0.21512299999999998
    ]
  },
  "public_categories": {
    "target": [
      "0",
      "1"
    ]
  },
  "column_types": {
    "mean radius": "continuous",
    "mean texture": "continuous",
    "mean perimeter": "continuous",
    "mean area": "continuous",
    "mean smoothness": "continuous",
    "mean compactness": "continuous",
    "mean concavity": "continuous",
    "mean concave points": "continuous",
    "mean symmetry": "continuous",
    "mean fractal dimension": "continuous",
    "radius error": "continuous",
    "texture error": "continuous",
    "perimeter error": "continuous",
    "area error": "continuous",
    "smoothness error": "continuous",
    "compactness error": "continuous",
    "concavity error": "continuous",
    "concave points error": "continuous",
    "symmetry error": "continuous",
    "fractal dimension error": "continuous",
    "worst radius": "continuous",
    "worst texture": "continuous",
    "worst perimeter": "continuous",
    "worst area": "continuous",
    "worst smoothness": "continuous",
    "worst compactness": "continuous",
    "worst concavity": "continuous",
    "worst concave points": "continuous",
    "worst symmetry": "continuous",
    "worst fractal dimension": "continuous",
    "target": "categorical"
  },
  "datetime_spec": {},
  "provenance": {
    "generated_at_utc": "2026-02-24T18:57:14.839658+00:00",
    "source_csv": "/Users/narasimha/code/privbayes-benchmark/data/breast_cancer.csv",
    "source_delimiter": ",",
    "pad_frac": 0.05,
    "inferred_categories": true,
    "max_categories": 200,
    "inferred_datetimes": true,
    "datetime_min_parse_frac": 0.95,
    "inferred_binary_domain": true,
    "guid_min_match_frac": 0.95,
    "guid_like_columns": [],
    "datetime_output_format": "preserve",
    "column_types_overrides": null
  },
  "target_spec": {
    "targets": [
      "target"
    ],
    "kind": "single",
    "dtypes": {
      "target": "numeric"
    },
    "primary_target": "target"
  },
  "constraints": {
    "column_constraints": {
      "mean radius": {
        "type": "continuous",
        "min": 5.92455,
        "max": 29.166449999999998
      },
      "mean texture": {
        "type": "continuous",
        "min": 8.2315,
        "max": 40.7585
      },
      "mean perimeter": {
        "type": "continuous",
        "min": 36.5545,
        "max": 195.7355
      },
      "mean area": {
        "type": "continuous",
        "min": 25.625,
        "max": 2618.875
      },
      "mean smoothness": {
        "type": "continuous",
        "min": 0.0470915,
        "max": 0.1689385
      },
      "mean compactness": {
        "type": "continuous",
        "min": 0.003079000000000002,
        "max": 0.361701
      },
      "mean concavity": {
        "type": "continuous",
        "min": -0.02134,
        "max": 0.44814000000000004
      },
      "mean concave points": {
        "type": "continuous",
        "min": -0.01006,
        "max": 0.21126
      },
      "mean symmetry": {
        "type": "continuous",
        "min": 0.09609999999999999,
        "max": 0.3139
      },
      "mean fractal dimension": {
        "type": "continuous",
        "min": 0.047585999999999996,
        "max": 0.099814
      },
      "radius error": {
        "type": "continuous",
        "min": -0.02657500000000003,
        "max": 3.0110750000000004
      },
      "texture error": {
        "type": "continuous",
        "min": 0.13396000000000002,
        "max": 5.11124
      },
      "perimeter error": {
        "type": "continuous",
        "min": -0.30415000000000003,
        "max": 23.041150000000002
      },
      "area error": {
        "type": "continuous",
        "min": -19.967900000000004,
        "max": 568.9699
      },
      "smoothness error": {
        "type": "continuous",
        "min": 0.0002421499999999998,
        "max": 0.03260085
      },
      "compactness error": {
        "type": "continuous",
        "min": -0.0044054,
        "max": 0.1420574
      },
      "concavity error": {
        "type": "continuous",
        "min": -0.0198,
        "max": 0.4158
      },
      "concave points error": {
        "type": "continuous",
        "min": -0.0026395,
        "max": 0.0554295
      },
      "symmetry error": {
        "type": "continuous",
        "min": 0.0043286,
        "max": 0.0825034
      },
      "fractal dimension error": {
        "type": "continuous",
        "min": -0.00055246,
        "max": 0.03128726
      },
      "worst radius": {
        "type": "continuous",
        "min": 6.5245,
        "max": 37.445499999999996
      },
      "worst texture": {
        "type": "continuous",
        "min": 10.144,
        "max": 51.416
      },
      "worst perimeter": {
        "type": "continuous",
        "min": 40.37049999999999,
        "max": 261.23949999999996
      },
      "worst area": {
        "type": "continuous",
        "min": -18.240000000000038,
        "max": 4457.44
      },
      "worst smoothness": {
        "type": "continuous",
        "min": 0.0635985,
        "max": 0.2301715
      },
      "worst compactness": {
        "type": "continuous",
        "min": -0.024245500000000007,
        "max": 1.1095355
      },
      "worst concavity": {
        "type": "continuous",
        "min": -0.0626,
        "max": 1.3146
      },
      "worst concave points": {
        "type": "continuous",
        "min": -0.01455,
        "max": 0.30555
      },
      "worst symmetry": {
        "type": "continuous",
        "min": 0.131135,
        "max": 0.6891649999999999
      },
      "worst fractal dimension": {
        "type": "continuous",
        "min": 0.047417,
        "max": 0.21512299999999998
      },
      "target": {
        "type": "categorical",